school,state,leaid,year,enrollment,freelunch,hispanic,black,asian,white,teachers,studteachratio,district,charter,title1
ANOTHER COURSE TO COLLEGE,Massachusetts,2502790,2013,231,188,86,107,16,18,15.49,14.91,boston,No,Yes
ANOTHER COURSE TO COLLEGE,Massachusetts,2502790,2014,236,168,86,109,15,19,23.06,10.23,boston,No,Yes
ANOTHER COURSE TO COLLEGE,Massachusetts,2502790,2015,237,0,93,95,20,20,20.35,11.65,boston,No,Yes
ANOTHER COURSE TO COLLEGE,Massachusetts,2502790,2016,223,0,89,96,13,16,20.11,11.09,boston,No,Yes
ANOTHER COURSE TO COLLEGE,Massachusetts,2502790,2017,224,0,90,101,9,18,22.11,10.13,boston,No,Yes
BALDWIN EARLY LEARNING CENTER,Massachusetts,2502790,2013,160,75,41,28,23,58,12.23,13.08,boston,No,Yes
BALDWIN EARLY LEARNING CENTER,Massachusetts,2502790,2014,151,77,50,24,26,42,12.99,11.62,boston,No,Yes
BALDWIN EARLY LEARNING CENTER,Massachusetts,2502790,2015,142,0,48,16,33,38,11.22,12.66,boston,No,Yes
BALDWIN EARLY LEARNING CENTER,Massachusetts,2502790,2016,159,0,51,24,41,36,11,14.45,boston,No,Yes
BALDWIN EARLY LEARNING CENTER,Massachusetts,2502790,2017,173,0,54,16,50,44,14,12.36,boston,No,Yes
BEETHOVEN,Massachusetts,2502790,2013,314,142,110,71,14,105,17.05,18.42,boston,No,Yes
BEETHOVEN,Massachusetts,2502790,2014,317,140,92,82,12,118,23.89,13.27,boston,No,Yes
BEETHOVEN,Massachusetts,2502790,2015,342,0,88,83,14,145,21.57,15.86,boston,No,Yes
BEETHOVEN,Massachusetts,2502790,2016,329,0,96,77,12,135,22.18,14.83,boston,No,Yes
BEETHOVEN,Massachusetts,2502790,2017,324,0,84,90,8,131,22.41,14.46,boston,No,Yes
BLACKSTONE,Massachusetts,2502790,2013,630,545,459,140,8,19,48.03,13.12,boston,No,Yes
BLACKSTONE,Massachusetts,2502790,2014,601,510,439,137,3,15,42.84,14.03,boston,No,Yes
BLACKSTONE,Massachusetts,2502790,2015,595,0,430,134,5,18,40.91,14.54,boston,No,Yes
BLACKSTONE,Massachusetts,2502790,2016,585,0,406,141,9,21,45.37,12.89,boston,No,Yes
BLACKSTONE,Massachusetts,2502790,2017,575,0,384,146,10,20,47.88,12.01,boston,No,Yes
BOSTON ADULT ACADEMY,Massachusetts,2502790,2013,212,157,60,137,9,4,14.62,14.5,boston,No,Yes
BOSTON ADULT ACADEMY,Massachusetts,2502790,2014,191,138,62,105,11,6,19.02,10.04,boston,No,Yes
BOSTON ADULT ACADEMY,Massachusetts,2502790,2015,170,0,51,101,6,5,16.3,10.43,boston,No,Yes
BOSTON ADULT ACADEMY,Massachusetts,2502790,2016,197,0,73,106,4,10,19.08,10.32,boston,No,Yes
BOSTON ADULT ACADEMY,Massachusetts,2502790,2017,154,0,62,79,8,3,21.39,7.2,boston,No,Yes
BOSTON ARTS ACADEMY,Massachusetts,2502790,2013,445,303,178,172,14,69,47.21,9.43,boston,No,Yes
BOSTON ARTS ACADEMY,Massachusetts,2502790,2014,441,261,189,163,13,64,47.43,9.3,boston,No,Yes
BOSTON ARTS ACADEMY,Massachusetts,2502790,2015,437,0,179,161,22,63,32.65,13.38,boston,No,Yes
BOSTON ARTS ACADEMY,Massachusetts,2502790,2016,447,0,176,181,20,56,49.72,8.99,boston,No,Yes
BOSTON ARTS ACADEMY,Massachusetts,2502790,2017,469,0,176,189,19,62,47.81,9.81,boston,No,Yes
BOSTON COLLABORATIVE HIGH SCHOOL,MASSACHUSETTS,2502790,2015,190,0,56,98,2,29,7.59,25.03,boston,No,
BOSTON COLLABORATIVE HIGH SCHOOL,MASSACHUSETTS,2502790,2016,193,0,76,83,2,28,0.94,205.32,boston,No,
BOSTON COLLABORATIVE HIGH SCHOOL,MASSACHUSETTS,2502790,2017,182,0,82,80,7,10,6.99,26.04,boston,No,Yes
BOSTON COMMUNITY LEADERSHIP ACADEMY,Massachusetts,2502790,2013,521,433,247,198,20,41,47.1,11.06,boston,No,Yes
BOSTON COMMUNITY LEADERSHIP ACADEMY,Massachusetts,2502790,2014,525,372,258,193,21,41,52.1,10.08,boston,No,Yes
BOSTON COMMUNITY LEADERSHIP ACADEMY,Massachusetts,2502790,2015,506,0,246,186,25,35,48.72,10.39,boston,No,Yes
BOSTON COMMUNITY LEADERSHIP ACADEMY,Massachusetts,2502790,2016,500,0,256,180,24,29,36.76,13.6,boston,No,Yes
BOSTON COMMUNITY LEADERSHIP ACADEMY,Massachusetts,2502790,2017,474,0,250,165,25,24,38.6,12.28,boston,No,Yes
BOSTON INTERNATIONAL HIGH SCHOOL,Massachusetts,2502790,2013,345,264,163,161,8,7,35.75,9.65,boston,No,Yes
BOSTON INTERNATIONAL HIGH SCHOOL,Massachusetts,2502790,2014,381,244,193,164,14,5,43.13,8.83,boston,No,Yes
BOSTON INTERNATIONAL HIGH SCHOOL,Massachusetts,2502790,2015,375,0,174,175,14,6,41.69,8.99,boston,No,Yes
BOSTON INTERNATIONAL HIGH SCHOOL,Massachusetts,2502790,2016,378,0,172,179,13,7,45.09,8.38,boston,No,Yes
BOSTON INTERNATIONAL HIGH SCHOOL,Massachusetts,2502790,2017,366,0,177,159,15,9,49.46,7.4,boston,No,Yes
BOSTON LATIN,Massachusetts,2502790,2013,2379,676,251,226,691,1134,117.73,20.21,boston,No,Yes
BOSTON LATIN,Massachusetts,2502790,2014,2439,628,288,221,690,1158,119,20.5,boston,No,Yes
BOSTON LATIN,Massachusetts,2502790,2015,2439,0,282,207,707,1157,113.22,21.54,boston,No,Yes
BOSTON LATIN,Massachusetts,2502790,2016,2403,0,290,193,697,1128,118.78,20.23,boston,No,Yes
BOSTON LATIN,Massachusetts,2502790,2017,2453,0,312,195,713,1127,117.17,20.94,boston,No,Yes
BOSTON LATIN ACADEMY,Massachusetts,2502790,2013,1689,898,349,457,361,476,95.51,17.68,boston,No,Yes
BOSTON LATIN ACADEMY,Massachusetts,2502790,2014,1723,822,364,442,378,487,97.34,17.7,boston,No,Yes
BOSTON LATIN ACADEMY,Massachusetts,2502790,2015,1718,0,382,415,378,492,89.01,19.3,boston,No,Yes
BOSTON LATIN ACADEMY,Massachusetts,2502790,2016,1698,0,384,386,372,497,90.39,18.79,boston,No,Yes
BOSTON LATIN ACADEMY,Massachusetts,2502790,2017,1781,0,418,388,388,524,87.86,20.27,boston,No,Yes
BOSTON MIDDLE SCHOOL ACADEMY,Massachusetts,2502790,2013,10,7,5,5,0,0,3.78,2.65,boston,No,Yes
BOSTON MIDDLE SCHOOL ACADEMY,Massachusetts,2502790,2014,8,0,2,6,0,0,7.22,1.11,boston,No,Yes
BOSTON MIDDLE SCHOOL ACADEMY,Massachusetts,2502790,2015,,,,,,,,,boston,No,
BOSTON TEACHERS UNION SCHOOL,Massachusetts,2502790,2013,330,213,137,101,8,70,21.67,15.23,boston,No,Yes
BOSTON TEACHERS UNION SCHOOL,Massachusetts,2502790,2014,324,179,120,99,3,82,22.72,14.26,boston,No,Yes
BOSTON TEACHERS UNION SCHOOL,Massachusetts,2502790,2015,326,0,133,84,7,83,22.46,14.51,boston,No,Yes
BOSTON TEACHERS UNION SCHOOL,Massachusetts,2502790,2016,296,0,117,68,8,92,22.53,13.14,boston,No,Yes
BOSTON TEACHERS UNION SCHOOL,Massachusetts,2502790,2017,287,0,108,73,5,90,22.2,12.93,boston,No,Yes
BRIGHTON HIGH,Massachusetts,2502790,2013,989,842,426,446,32,53,78.3,12.63,boston,No,Yes
BRIGHTON HIGH,Massachusetts,2502790,2014,974,711,416,453,33,51,80.27,12.13,boston,No,Yes
BRIGHTON HIGH,Massachusetts,2502790,2015,931,0,419,412,26,46,71.55,13.01,boston,No,Yes
BRIGHTON HIGH,Massachusetts,2502790,2016,811,0,371,359,25,44,66.47,12.2,boston,No,Yes
BRIGHTON HIGH,Massachusetts,2502790,2017,682,0,325,288,27,30,57.18,11.93,boston,No,Yes
CARTER DEVELOPMENTAL CENTER,Massachusetts,2502790,2013,24,21,3,10,2,2,5,4.8,boston,No,Yes
CARTER DEVELOPMENTAL CENTER,Massachusetts,2502790,2014,30,25,3,19,5,3,5,6,boston,No,Yes
CARTER DEVELOPMENTAL CENTER,Massachusetts,2502790,2015,28,0,4,16,5,3,4,7,boston,No,Yes
CARTER DEVELOPMENTAL CENTER,Massachusetts,2502790,2016,29,0,5,15,4,4,1,29,boston,No,Yes
CARTER DEVELOPMENTAL CENTER,Massachusetts,2502790,2017,29,0,6,15,3,4,0.66,43.94,boston,No,Yes
CHARLES H TAYLOR,Massachusetts,2502790,2013,524,443,88,407,11,4,34.45,15.21,boston,No,Yes
CHARLES H TAYLOR,Massachusetts,2502790,2014,546,431,83,431,9,4,36.89,14.8,boston,No,Yes
CHARLES H TAYLOR,Massachusetts,2502790,2015,508,0,87,388,6,6,35.29,14.4,boston,No,Yes
CHARLES H TAYLOR,Massachusetts,2502790,2016,507,0,92,381,6,8,36.67,13.83,boston,No,Yes
CHARLES H TAYLOR,Massachusetts,2502790,2017,527,0,99,403,4,3,41.14,12.81,boston,No,Yes
CHARLES SUMNER,Massachusetts,2502790,2013,544,452,361,118,13,42,33.48,16.25,boston,No,Yes
CHARLES SUMNER,Massachusetts,2502790,2014,551,417,359,114,13,53,39.63,13.9,boston,No,Yes
CHARLES SUMNER,Massachusetts,2502790,2015,540,0,340,110,10,62,37.87,14.26,boston,No,Yes
CHARLES SUMNER,Massachusetts,2502790,2016,558,0,339,107,8,79,37.45,14.9,boston,No,Yes
CHARLES SUMNER,Massachusetts,2502790,2017,581,0,348,113,10,81,38.45,15.11,boston,No,Yes
CHARLESTOWN HIGH,Massachusetts,2502790,2013,935,799,276,371,184,53,75.9,12.32,boston,No,Yes
CHARLESTOWN HIGH,Massachusetts,2502790,2014,962,721,337,375,179,55,87.59,10.98,boston,No,Yes
CHARLESTOWN HIGH,Massachusetts,2502790,2015,958,0,391,330,169,54,75.24,12.73,boston,No,Yes
CHARLESTOWN HIGH,Massachusetts,2502790,2016,910,0,396,301,155,47,86.15,10.56,boston,No,Yes
CHARLESTOWN HIGH,Massachusetts,2502790,2017,920,0,444,300,121,43,88.58,10.39,boston,No,Yes
CLARENCE R EDWARDS MIDDLE,Massachusetts,2502790,2013,492,426,319,77,60,31,40.69,12.09,boston,No,Yes
CLARENCE R EDWARDS MIDDLE,Massachusetts,2502790,2014,416,332,290,49,42,33,37.16,11.19,boston,No,Yes
CLARENCE R EDWARDS MIDDLE,Massachusetts,2502790,2015,366,0,251,44,35,33,33.49,10.93,boston,No,Yes
CLARENCE R EDWARDS MIDDLE,Massachusetts,2502790,2016,335,0,228,44,25,32,32.07,10.45,boston,No,Yes
CLARENCE R EDWARDS MIDDLE,Massachusetts,2502790,2017,306,0,215,40,23,21,32.88,9.31,boston,No,Yes
COMMUNITY ACADEMY,Massachusetts,2502790,2013,67,54,11,27,0,27,6.18,10.84,boston,No,Yes
COMMUNITY ACADEMY,Massachusetts,2502790,2014,62,51,10,31,0,21,9.11,6.81,boston,No,Yes
COMMUNITY ACADEMY,Massachusetts,2502790,2015,40,0,6,34,0,0,10.26,3.9,boston,No,Yes
COMMUNITY ACADEMY,Massachusetts,2502790,2016,44,0,11,30,0,1,9.94,4.43,boston,No,Yes
COMMUNITY ACADEMY,Massachusetts,2502790,2017,79,0,17,33,0,28,12.1,6.53,boston,No,Yes
COMMUNITY ACADEMY OF SCIENCE AND HEALTH,Massachusetts,2502790,2013,382,312,61,294,8,9,26.33,14.51,boston,No,Yes
COMMUNITY ACADEMY OF SCIENCE AND HEALTH,Massachusetts,2502790,2014,352,252,62,269,6,7,35.99,9.78,boston,No,Yes
COMMUNITY ACADEMY OF SCIENCE AND HEALTH,Massachusetts,2502790,2015,414,0,77,306,7,15,33.31,12.43,boston,No,Yes
COMMUNITY ACADEMY OF SCIENCE AND HEALTH,Massachusetts,2502790,2016,365,0,85,254,12,8,35.96,10.15,boston,No,Yes
COMMUNITY ACADEMY OF SCIENCE AND HEALTH,Massachusetts,2502790,2017,389,0,99,260,12,8,37.44,10.39,boston,No,Yes
CURLEY K-8 SCHOOL,Massachusetts,2502790,2013,847,601,490,158,24,144,61.03,13.88,boston,No,Yes
CURLEY K-8 SCHOOL,Massachusetts,2502790,2014,876,556,499,164,27,148,64.78,13.52,boston,No,Yes
CURLEY K-8 SCHOOL,Massachusetts,2502790,2015,895,0,500,179,25,156,61.38,14.58,boston,No,Yes
CURLEY K-8 SCHOOL,Massachusetts,2502790,2016,948,0,510,177,24,191,69.96,13.55,boston,No,Yes
CURLEY K-8 SCHOOL,Massachusetts,2502790,2017,944,0,485,182,23,201,79.98,11.8,boston,No,Yes
CURTIS GUILD,Massachusetts,2502790,2013,318,249,271,6,2,37,18.24,17.43,boston,No,Yes
CURTIS GUILD,Massachusetts,2502790,2014,356,235,299,3,4,48,25.17,14.14,boston,No,Yes
CURTIS GUILD,Massachusetts,2502790,2015,338,0,271,2,4,60,25.5,13.25,boston,No,Yes
CURTIS GUILD,Massachusetts,2502790,2016,309,0,251,3,2,51,22.98,13.45,boston,No,Yes
CURTIS GUILD,Massachusetts,2502790,2017,295,0,236,3,2,53,25.34,11.64,boston,No,Yes
DANTE ALIGHIERI MONTESSORI SCHOOL,MASSACHUSETTS,2502790,2014,83,49,55,0,0,24,5.22,15.9,boston,No,Yes
DANTE ALIGHIERI MONTESSORI SCHOOL,MASSACHUSETTS,2502790,2015,90,0,62,0,0,24,4.53,19.87,boston,No,Yes
DANTE ALIGHIERI MONTESSORI SCHOOL,MASSACHUSETTS,2502790,2016,96,0,60,1,0,29,8.19,11.72,boston,No,Yes
DANTE ALIGHIERI MONTESSORI SCHOOL,MASSACHUSETTS,2502790,2017,92,0,52,2,1,33,9.82,9.37,boston,No,Yes
DAVID A ELLIS,Massachusetts,2502790,2013,396,349,259,131,1,1,28.36,13.96,boston,No,Yes
DAVID A ELLIS,Massachusetts,2502790,2014,430,354,277,144,1,5,28.83,14.92,boston,No,Yes
DAVID A ELLIS,Massachusetts,2502790,2015,444,0,274,151,1,10,27.6,16.09,boston,No,Yes
DAVID A ELLIS,Massachusetts,2502790,2016,438,0,261,157,1,11,29.69,14.75,boston,No,Yes
DAVID A ELLIS,Massachusetts,2502790,2017,457,0,251,181,0,12,33,13.85,boston,No,Yes
DEARBORN,Massachusetts,2502790,2013,258,216,70,165,2,7,21.76,11.86,boston,No,Yes
DEARBORN,Massachusetts,2502790,2014,273,216,73,177,1,7,27.96,9.76,boston,No,Yes
DEARBORN,Massachusetts,2502790,2015,262,0,59,186,2,5,24.7,10.61,boston,No,Yes
DEARBORN,Massachusetts,2502790,2016,309,0,82,208,1,5,30.87,10.01,boston,No,Yes
DEARBORN,Massachusetts,2502790,2017,354,0,99,236,1,4,35.68,9.92,boston,No,Yes
DENNIS C HALEY,Massachusetts,2502790,2013,325,166,99,97,10,96,30.9,10.52,boston,No,Yes
DENNIS C HALEY,Massachusetts,2502790,2014,385,190,123,119,6,109,36.94,10.42,boston,No,Yes
DENNIS C HALEY,Massachusetts,2502790,2015,452,0,154,148,6,112,36.5,12.38,boston,No,Yes
DENNIS C HALEY,Massachusetts,2502790,2016,452,0,167,139,5,112,31.91,14.16,boston,No,Yes
DENNIS C HALEY,Massachusetts,2502790,2017,447,0,168,137,5,110,45.28,9.87,boston,No,Yes
DONALD MCKAY,Massachusetts,2502790,2013,681,585,614,19,1,41,38.07,17.89,boston,No,Yes
DONALD MCKAY,Massachusetts,2502790,2014,697,536,630,20,2,40,44.45,15.68,boston,No,Yes
DONALD MCKAY,Massachusetts,2502790,2015,690,0,620,21,2,42,39.41,17.51,boston,No,Yes
DONALD MCKAY,Massachusetts,2502790,2016,732,0,653,16,4,53,44.22,16.55,boston,No,Yes
DONALD MCKAY,Massachusetts,2502790,2017,778,0,692,16,4,58,52.4,14.85,boston,No,Yes
DORCHESTER ACADEMY,Massachusetts,2502790,2013,398,311,81,266,16,8,28.55,13.94,boston,No,Yes
DORCHESTER ACADEMY,Massachusetts,2502790,2014,382,288,83,256,17,12,36.78,10.39,boston,No,Yes
DORCHESTER ACADEMY,Massachusetts,2502790,2015,69,0,13,51,1,3,31,2.23,boston,No,Yes
DORCHESTER ACADEMY,Massachusetts,2502790,2016,99,0,32,61,1,4,12.79,7.74,boston,No,Yes
DORCHESTER ACADEMY,Massachusetts,2502790,2017,42,0,8,29,1,4,7.49,5.61,boston,No,Yes
DR. CATHERINE ELLISON-ROSA PARKS EARLY ED SCHOOL,Massachusetts,2502790,2013,194,147,76,106,8,1,15.23,12.74,boston,No,Yes
DR. CATHERINE ELLISON-ROSA PARKS EARLY ED SCHOOL,Massachusetts,2502790,2014,179,117,76,90,7,3,18.14,9.87,boston,No,Yes
DR. CATHERINE ELLISON-ROSA PARKS EARLY ED SCHOOL,Massachusetts,2502790,2015,189,0,84,92,2,5,14.06,13.44,boston,No,Yes
DR. CATHERINE ELLISON-ROSA PARKS EARLY ED SCHOOL,Massachusetts,2502790,2016,189,0,81,95,2,6,12.87,14.69,boston,No,Yes
DR. CATHERINE ELLISON-ROSA PARKS EARLY ED SCHOOL,Massachusetts,2502790,2017,189,0,81,98,2,4,16.1,11.74,boston,No,Yes
DR. WILLIAM HENDERSON LOWER,Massachusetts,2502790,2013,243,118,46,63,22,106,18.54,13.11,boston,No,Yes
DR. WILLIAM HENDERSON LOWER,Massachusetts,2502790,2014,226,98,54,58,16,95,21.6,10.46,boston,No,Yes
DR. WILLIAM HENDERSON LOWER,Massachusetts,2502790,2015,217,0,57,45,18,92,20.04,10.83,boston,No,Yes
DR. WILLIAM HENDERSON LOWER,Massachusetts,2502790,2016,217,0,38,56,30,87,10.4,20.87,boston,No,Yes
DR. WILLIAM HENDERSON LOWER,Massachusetts,2502790,2017,212,0,34,67,31,71,22.46,9.44,boston,No,Yes
DR. WILLIAM HENDERSON UPPER,Massachusetts,2502790,2013,298,254,61,187,13,24,32.86,9.07,boston,No,Yes
DR. WILLIAM HENDERSON UPPER,Massachusetts,2502790,2014,361,248,59,193,25,71,37.65,9.59,boston,No,Yes
DR. WILLIAM HENDERSON UPPER,Massachusetts,2502790,2015,431,0,92,218,27,81,35.08,12.29,boston,No,Yes
DR. WILLIAM HENDERSON UPPER,Massachusetts,2502790,2016,505,0,130,218,34,109,47.64,10.6,boston,No,Yes
DR. WILLIAM HENDERSON UPPER,Massachusetts,2502790,2017,606,0,154,251,43,138,69.2,8.76,boston,No,Yes
EARLY CHILDHOOD CENTER AT FIFIELD (ECC-FIFIELD),Massachusetts,2502790,2013,,,,,,,,,boston,No,
EAST BOSTON EARLY CHILDHOOD CENTER,Massachusetts,2502790,2013,196,131,140,7,3,39,16.82,11.65,boston,No,Yes
EAST BOSTON EARLY CHILDHOOD CENTER,Massachusetts,2502790,2014,173,116,119,10,5,36,12.08,14.32,boston,No,Yes
EAST BOSTON EARLY CHILDHOOD CENTER,Massachusetts,2502790,2015,184,0,123,7,2,50,10.15,18.13,boston,No,Yes
EAST BOSTON EARLY CHILDHOOD CENTER,Massachusetts,2502790,2016,170,0,106,10,2,48,13.6,12.5,boston,No,Yes
EAST BOSTON EARLY CHILDHOOD CENTER,Massachusetts,2502790,2017,197,0,118,19,5,50,13.65,14.43,boston,No,Yes
EAST BOSTON HIGH,Massachusetts,2502790,2013,1373,996,895,171,23,241,100,13.73,boston,No,Yes
EAST BOSTON HIGH,Massachusetts,2502790,2014,1522,905,1073,166,28,239,106.42,14.3,boston,No,Yes
EAST BOSTON HIGH,Massachusetts,2502790,2015,1495,0,1114,124,22,214,95.79,15.61,boston,No,Yes
EAST BOSTON HIGH,Massachusetts,2502790,2016,1496,0,1162,103,19,191,108.57,13.78,boston,No,Yes
EAST BOSTON HIGH,Massachusetts,2502790,2017,1344,0,1059,94,21,149,99.95,13.45,boston,No,Yes
EDISON K-8,Massachusetts,2502790,2013,818,656,373,195,100,125,57.63,14.19,boston,No,Yes
EDISON K-8,Massachusetts,2502790,2014,779,537,346,176,105,133,60.4,12.9,boston,No,Yes
EDISON K-8,Massachusetts,2502790,2015,765,0,337,167,116,121,51.44,14.87,boston,No,Yes
EDISON K-8,Massachusetts,2502790,2016,688,0,312,137,108,108,53.29,12.91,boston,No,Yes
EDISON K-8,Massachusetts,2502790,2017,635,0,289,126,105,89,54.26,11.7,boston,No,Yes
EDWARD EVERETT,Massachusetts,2502790,2013,280,217,88,107,59,18,15.89,17.62,boston,No,Yes
EDWARD EVERETT,Massachusetts,2502790,2014,279,201,87,105,60,18,17.95,15.54,boston,No,Yes
EDWARD EVERETT,Massachusetts,2502790,2015,275,0,80,122,55,9,18.95,14.51,boston,No,Yes
EDWARD EVERETT,Massachusetts,2502790,2016,278,0,85,119,53,11,19.86,14,boston,No,Yes
EDWARD EVERETT,Massachusetts,2502790,2017,272,0,83,113,50,10,19.53,13.93,boston,No,Yes
ELC - WEST ZONE,Massachusetts,2502790,2013,90,55,48,28,3,8,8.34,10.79,boston,No,Yes
ELC - WEST ZONE,Massachusetts,2502790,2014,97,63,48,32,6,8,7.32,13.25,boston,No,Yes
ELC - WEST ZONE,Massachusetts,2502790,2015,93,0,50,22,4,10,6.94,13.4,boston,No,Yes
ELC - WEST ZONE,Massachusetts,2502790,2016,114,0,56,26,9,16,8,14.25,boston,No,Yes
ELC - WEST ZONE,Massachusetts,2502790,2017,115,0,44,33,8,25,11.3,10.18,boston,No,Yes
ELIHU GREENWOOD LEADERSHIP ACADEMY,Massachusetts,2502790,2013,375,308,146,211,4,6,22.7,16.52,boston,No,Yes
ELIHU GREENWOOD LEADERSHIP ACADEMY,Massachusetts,2502790,2014,340,260,130,187,7,8,24.73,13.75,boston,No,Yes
ELIHU GREENWOOD LEADERSHIP ACADEMY,Massachusetts,2502790,2015,,,,,,,,,boston,No,
ELIOT ELEMENTARY,Massachusetts,2502790,2013,388,177,115,61,9,190,27.05,14.34,boston,No,Yes
ELIOT ELEMENTARY,Massachusetts,2502790,2014,453,169,114,54,22,241,31.73,14.28,boston,No,Yes
ELIOT ELEMENTARY,Massachusetts,2502790,2015,517,0,117,56,28,289,32.64,15.84,boston,No,Yes
ELIOT ELEMENTARY,Massachusetts,2502790,2016,558,0,110,53,38,324,41.73,13.37,boston,No,Yes
ELIOT ELEMENTARY,Massachusetts,2502790,2017,635,0,109,47,59,377,43.52,14.59,boston,No,Yes
ELLIS MENDELL,Massachusetts,2502790,2013,226,134,98,53,0,56,17.91,12.62,boston,No,Yes
ELLIS MENDELL,Massachusetts,2502790,2014,242,124,98,55,0,68,20.62,11.74,boston,No,Yes
ELLIS MENDELL,Massachusetts,2502790,2015,232,0,85,50,1,79,19,12.21,boston,No,Yes
ELLIS MENDELL,Massachusetts,2502790,2016,244,0,82,55,1,88,17.24,14.15,boston,No,Yes
ELLIS MENDELL,Massachusetts,2502790,2017,267,0,85,61,2,96,18.61,14.35,boston,No,Yes
EXCEL HIGH SCHOOL,Massachusetts,2502790,2013,550,455,128,209,123,75,46.21,11.9,boston,No,Yes
EXCEL HIGH SCHOOL,Massachusetts,2502790,2014,538,384,125,205,124,70,46.95,11.46,boston,No,Yes
EXCEL HIGH SCHOOL,Massachusetts,2502790,2015,519,0,138,200,108,63,45.12,11.5,boston,No,Yes
EXCEL HIGH SCHOOL,Massachusetts,2502790,2016,525,0,151,198,115,51,43.23,12.14,boston,No,Yes
EXCEL HIGH SCHOOL,Massachusetts,2502790,2017,491,0,150,183,113,36,42.89,11.45,boston,No,Yes
FENWAY HIGH SCHOOL,Massachusetts,2502790,2013,327,225,154,126,13,29,25.64,12.75,boston,No,Yes
FENWAY HIGH SCHOOL,Massachusetts,2502790,2014,328,183,160,121,13,27,23.49,13.96,boston,No,Yes
FENWAY HIGH SCHOOL,Massachusetts,2502790,2015,337,0,175,121,13,21,19.47,17.31,boston,No,Yes
FENWAY HIGH SCHOOL,Massachusetts,2502790,2016,360,0,199,122,13,19,29,12.41,boston,No,Yes
FENWAY HIGH SCHOOL,Massachusetts,2502790,2017,364,0,218,113,12,15,31.32,11.62,boston,No,Yes
FRANKLIN D ROOSEVELT,Massachusetts,2502790,2013,472,285,166,180,6,104,34.38,13.73,boston,No,Yes
FRANKLIN D ROOSEVELT,Massachusetts,2502790,2014,440,222,164,159,6,97,32.97,13.35,boston,No,Yes
FRANKLIN D ROOSEVELT,Massachusetts,2502790,2015,458,0,185,153,10,97,28.57,16.03,boston,No,Yes
FRANKLIN D ROOSEVELT,Massachusetts,2502790,2016,453,0,195,150,10,91,24.96,18.15,boston,No,Yes
FRANKLIN D ROOSEVELT,Massachusetts,2502790,2017,453,0,180,168,7,81,34.15,13.27,boston,No,Yes
GARDNER PILOT ACADEMY,Massachusetts,2502790,2013,372,311,224,62,24,47,25.61,14.53,boston,No,Yes
GARDNER PILOT ACADEMY,Massachusetts,2502790,2014,386,280,238,62,22,48,28.53,13.53,boston,No,Yes
GARDNER PILOT ACADEMY,Massachusetts,2502790,2015,368,0,232,54,20,44,29.09,12.65,boston,No,Yes
GARDNER PILOT ACADEMY,Massachusetts,2502790,2016,401,0,260,48,21,54,28.1,14.27,boston,No,Yes
GARDNER PILOT ACADEMY,Massachusetts,2502790,2017,401,0,263,47,18,53,34.55,11.61,boston,No,Yes
GEORGE H CONLEY,Massachusetts,2502790,2013,218,149,82,79,7,43,17.17,12.7,boston,No,Yes
GEORGE H CONLEY,Massachusetts,2502790,2014,192,113,65,69,6,43,21.19,9.06,boston,No,Yes
GEORGE H CONLEY,Massachusetts,2502790,2015,220,0,81,76,6,48,18.8,11.7,boston,No,Yes
GEORGE H CONLEY,Massachusetts,2502790,2016,222,0,87,81,6,42,16.95,13.1,boston,No,Yes
GEORGE H CONLEY,Massachusetts,2502790,2017,212,0,85,78,7,35,18.47,11.48,boston,No,Yes
GREATER EGLESTON COMMUNITY HIGH SCHOOL,Massachusetts,2502790,2013,175,157,91,66,2,12,10.52,16.63,boston,No,Yes
GREATER EGLESTON COMMUNITY HIGH SCHOOL,Massachusetts,2502790,2014,202,164,105,77,2,16,12.06,16.75,boston,No,Yes
GREATER EGLESTON COMMUNITY HIGH SCHOOL,Massachusetts,2502790,2015,182,0,105,63,0,13,12.26,14.85,boston,No,Yes
GREATER EGLESTON COMMUNITY HIGH SCHOOL,Massachusetts,2502790,2016,225,0,139,69,–,11,9.96,22.59,boston,No,Yes
GREATER EGLESTON COMMUNITY HIGH SCHOOL,Massachusetts,2502790,2017,105,0,63,38,0,1,13.62,7.71,boston,No,Yes
HARVARD-KENT,Massachusetts,2502790,2013,570,476,213,122,168,52,39.66,14.37,boston,No,Yes
HARVARD-KENT,Massachusetts,2502790,2014,555,458,216,122,145,51,42.37,13.1,boston,No,Yes
HARVARD-KENT,Massachusetts,2502790,2015,520,0,199,118,134,51,39.49,13.17,boston,No,Yes
HARVARD-KENT,Massachusetts,2502790,2016,495,0,171,114,144,50,34.53,14.34,boston,No,Yes
HARVARD-KENT,Massachusetts,2502790,2017,473,0,158,111,128,60,41.97,11.27,boston,No,Yes
HAYNES EARLY EDUCATION CENTER,Massachusetts,2502790,2013,176,147,85,87,3,0,12.91,13.63,boston,No,Yes
HAYNES EARLY EDUCATION CENTER,Massachusetts,2502790,2014,178,124,69,95,5,3,14.72,12.09,boston,No,Yes
HAYNES EARLY EDUCATION CENTER,Massachusetts,2502790,2015,175,0,70,92,5,2,13.88,12.61,boston,No,Yes
HAYNES EARLY EDUCATION CENTER,Massachusetts,2502790,2016,187,0,72,98,4,4,16.84,11.1,boston,No,Yes
HAYNES EARLY EDUCATION CENTER,Massachusetts,2502790,2017,212,0,82,105,9,6,17.53,12.09,boston,No,Yes
HENRY GREW,Massachusetts,2502790,2013,252,199,97,124,8,15,15,16.8,boston,No,Yes
HENRY GREW,Massachusetts,2502790,2014,251,174,101,113,6,19,15.43,16.27,boston,No,Yes
HENRY GREW,Massachusetts,2502790,2015,262,0,105,118,5,21,15.56,16.84,boston,No,Yes
HENRY GREW,Massachusetts,2502790,2016,239,0,102,102,5,17,17.08,13.99,boston,No,Yes
HENRY GREW,Massachusetts,2502790,2017,254,0,105,104,5,26,15.35,16.55,boston,No,Yes
HIGGINSON,Massachusetts,2502790,2013,157,121,67,71,1,11,13.31,11.8,boston,No,
HIGGINSON,Massachusetts,2502790,2014,173,132,83,72,1,8,15.14,11.43,boston,No,
HIGGINSON,Massachusetts,2502790,2015,186,0,99,77,1,2,13.29,14,boston,No,
HIGGINSON,Massachusetts,2502790,2016,173,0,93,71,1,2,10.92,15.84,boston,No,
HIGGINSON,Massachusetts,2502790,2017,171,0,99,64,1,2,13.8,12.39,boston,No,Yes
HIGGINSON/LEWIS K-8,Massachusetts,2502790,2013,392,350,130,228,5,10,31.09,12.61,boston,No,Yes
HIGGINSON/LEWIS K-8,Massachusetts,2502790,2014,416,368,139,242,4,8,31.63,13.15,boston,No,Yes
HIGGINSON/LEWIS K-8,Massachusetts,2502790,2015,406,0,160,219,4,9,29.16,13.92,boston,No,Yes
HIGGINSON/LEWIS K-8,Massachusetts,2502790,2016,355,0,143,183,3,6,26.48,13.41,boston,No,Yes
HIGGINSON/LEWIS K-8,Massachusetts,2502790,2017,308,0,131,153,1,5,28.97,10.63,boston,No,Yes
HORACE MANN SCHOOL FOR THE DEAF,Massachusetts,2502790,2013,111,99,41,39,9,12,48.48,2.29,boston,No,Yes
HORACE MANN SCHOOL FOR THE DEAF,Massachusetts,2502790,2014,107,80,40,38,12,15,39.57,2.7,boston,No,Yes
HORACE MANN SCHOOL FOR THE DEAF,Massachusetts,2502790,2015,101,0,36,40,9,13,38.1,2.65,boston,No,Yes
HORACE MANN SCHOOL FOR THE DEAF,Massachusetts,2502790,2016,90,0,37,34,6,10,33.92,2.65,boston,No,Yes
HORACE MANN SCHOOL FOR THE DEAF,Massachusetts,2502790,2017,84,0,40,28,4,9,35.02,2.4,boston,No,Yes
HUGH ROE O'DONNELL,Massachusetts,2502790,2013,293,231,232,12,11,33,18.1,16.19,boston,No,Yes
HUGH ROE O'DONNELL,Massachusetts,2502790,2014,292,218,248,6,7,26,18.58,15.72,boston,No,Yes
HUGH ROE O'DONNELL,Massachusetts,2502790,2015,295,0,262,4,3,21,18.68,15.79,boston,No,Yes
HUGH ROE O'DONNELL,Massachusetts,2502790,2016,272,0,248,2,7,11,15.41,17.65,boston,No,Yes
HUGH ROE O'DONNELL,Massachusetts,2502790,2017,247,0,222,4,5,13,18.45,13.39,boston,No,Yes
JACKSON MANN,Massachusetts,2502790,2013,737,611,298,251,94,77,45.79,16.1,boston,No,Yes
JACKSON MANN,Massachusetts,2502790,2014,749,562,298,264,92,74,55.34,13.53,boston,No,Yes
JACKSON MANN,Massachusetts,2502790,2015,775,0,297,278,87,85,53.58,14.46,boston,No,Yes
JACKSON MANN,Massachusetts,2502790,2016,765,0,299,294,84,62,56.61,13.51,boston,No,Yes
JACKSON MANN,Massachusetts,2502790,2017,656,0,262,246,76,53,57.16,11.48,boston,No,Yes
JAMES CONDON ELEMENTARY,Massachusetts,2502790,2013,811,632,258,292,61,167,55.99,14.48,boston,No,Yes
JAMES CONDON ELEMENTARY,Massachusetts,2502790,2014,799,591,251,282,56,177,57.25,13.96,boston,No,Yes
JAMES CONDON ELEMENTARY,Massachusetts,2502790,2015,837,0,261,284,54,201,56.18,14.9,boston,No,Yes
JAMES CONDON ELEMENTARY,Massachusetts,2502790,2016,846,0,267,295,63,190,55.78,15.17,boston,No,Yes
JAMES CONDON ELEMENTARY,Massachusetts,2502790,2017,905,0,298,317,67,184,60.96,14.85,boston,No,Yes
JAMES J CHITTICK,Massachusetts,2502790,2013,306,242,69,216,4,5,19.44,15.74,boston,No,Yes
JAMES J CHITTICK,Massachusetts,2502790,2014,297,225,75,196,4,7,21.5,13.81,boston,No,Yes
JAMES J CHITTICK,Massachusetts,2502790,2015,310,0,78,208,2,8,23.07,13.44,boston,No,Yes
JAMES J CHITTICK,Massachusetts,2502790,2016,296,0,79,190,5,11,17.97,16.47,boston,No,Yes
JAMES J CHITTICK,Massachusetts,2502790,2017,306,0,82,197,4,9,24.06,12.72,boston,No,Yes
JAMES OTIS,Massachusetts,2502790,2013,395,305,318,10,6,54,24.81,15.92,boston,No,Yes
JAMES OTIS,Massachusetts,2502790,2014,379,269,293,12,6,62,27.71,13.68,boston,No,Yes
JAMES OTIS,Massachusetts,2502790,2015,402,0,291,13,6,84,24.66,16.3,boston,No,Yes
JAMES OTIS,Massachusetts,2502790,2016,398,0,275,20,8,89,26.56,14.98,boston,No,Yes
JAMES OTIS,Massachusetts,2502790,2017,405,0,279,18,8,94,29.51,13.72,boston,No,Yes
JAMES P TIMILTY MIDDLE,Massachusetts,2502790,2013,562,498,330,216,4,6,45.24,12.42,boston,No,Yes
JAMES P TIMILTY MIDDLE,Massachusetts,2502790,2014,486,392,303,169,2,5,41.07,11.83,boston,No,Yes
JAMES P TIMILTY MIDDLE,Massachusetts,2502790,2015,432,0,275,141,0,2,37.73,11.45,boston,No,Yes
JAMES P TIMILTY MIDDLE,Massachusetts,2502790,2016,371,0,244,109,6,2,30.67,12.1,boston,No,Yes
JAMES P TIMILTY MIDDLE,Massachusetts,2502790,2017,331,0,213,102,2,5,29.66,11.16,boston,No,Yes
JAMES W HENNIGAN,Massachusetts,2502790,2013,585,502,362,186,9,20,43.41,13.48,boston,No,Yes
JAMES W HENNIGAN,Massachusetts,2502790,2014,620,495,406,166,10,28,43.8,14.16,boston,No,Yes
JAMES W HENNIGAN,Massachusetts,2502790,2015,624,0,389,183,11,29,46.58,13.4,boston,No,Yes
JAMES W HENNIGAN,Massachusetts,2502790,2016,638,0,396,177,14,39,45.3,14.08,boston,No,Yes
JAMES W HENNIGAN,Massachusetts,2502790,2017,582,0,367,166,15,24,47.52,12.25,boston,No,Yes
JEREMIAH E BURKE HIGH,Massachusetts,2502790,2013,536,412,108,405,5,13,40.3,13.3,boston,No,Yes
JEREMIAH E BURKE HIGH,Massachusetts,2502790,2014,539,357,112,398,6,17,35.39,15.23,boston,No,Yes
JEREMIAH E BURKE HIGH,Massachusetts,2502790,2015,532,0,125,382,4,14,33.64,15.81,boston,No,Yes
JEREMIAH E BURKE HIGH,Massachusetts,2502790,2016,489,0,110,356,3,16,34.51,14.17,boston,No,Yes
JEREMIAH E BURKE HIGH,Massachusetts,2502790,2017,472,0,115,335,3,9,31.91,14.79,boston,No,Yes
JOHN D PHILBRICK,Massachusetts,2502790,2013,150,73,53,36,2,46,12.79,11.73,boston,No,Yes
JOHN D PHILBRICK,Massachusetts,2502790,2014,161,71,48,49,2,51,11.4,14.12,boston,No,Yes
JOHN D PHILBRICK,Massachusetts,2502790,2015,165,0,52,57,3,47,11.69,14.11,boston,No,Yes
JOHN D PHILBRICK,Massachusetts,2502790,2016,172,0,56,70,2,38,12.12,14.19,boston,No,Yes
JOHN D PHILBRICK,Massachusetts,2502790,2017,163,0,53,77,2,28,9.74,16.74,boston,No,Yes
JOHN F KENNEDY,Massachusetts,2502790,2013,400,348,300,79,3,11,21.14,18.92,boston,No,Yes
JOHN F KENNEDY,Massachusetts,2502790,2014,402,326,298,79,2,15,27.21,14.77,boston,No,Yes
JOHN F KENNEDY,Massachusetts,2502790,2015,394,0,290,78,2,15,24.14,16.32,boston,No,Yes
JOHN F KENNEDY,Massachusetts,2502790,2016,382,0,273,78,4,18,18.91,20.2,boston,No,Yes
JOHN F KENNEDY,Massachusetts,2502790,2017,392,0,281,71,7,25,26.7,14.68,boston,No,Yes
JOHN MARSHALL,Massachusetts,2502790,2013,,,,,,,,,boston,No,
JOHN W MCCORMACK,Massachusetts,2502790,2013,665,597,287,235,71,56,55.69,11.94,boston,No,Yes
JOHN W MCCORMACK,Massachusetts,2502790,2014,596,505,271,208,70,35,54.36,10.96,boston,No,Yes
JOHN W MCCORMACK,Massachusetts,2502790,2015,519,0,255,176,55,26,49.2,10.55,boston,No,Yes
JOHN W MCCORMACK,Massachusetts,2502790,2016,444,0,244,142,32,22,40.69,10.91,boston,No,Yes
JOHN W MCCORMACK,Massachusetts,2502790,2017,371,0,218,108,18,18,35.4,10.48,boston,No,Yes
JOHN WINTHROP,Massachusetts,2502790,2013,366,297,159,186,3,6,22.56,16.22,boston,No,Yes
JOHN WINTHROP,Massachusetts,2502790,2014,357,283,137,188,9,6,23.88,14.95,boston,No,Yes
JOHN WINTHROP,Massachusetts,2502790,2015,349,0,118,192,11,8,22.61,15.44,boston,No,Yes
JOHN WINTHROP,Massachusetts,2502790,2016,329,0,105,192,9,3,19.94,16.5,boston,No,Yes
JOHN WINTHROP,Massachusetts,2502790,2017,327,0,109,194,6,6,23.85,13.71,boston,No,Yes
JOSEPH J HURLEY,Massachusetts,2502790,2013,336,236,247,13,0,66,22.89,14.68,boston,No,Yes
JOSEPH J HURLEY,Massachusetts,2502790,2014,342,222,253,15,0,62,22,15.55,boston,No,Yes
JOSEPH J HURLEY,Massachusetts,2502790,2015,346,0,245,17,0,73,19.52,17.73,boston,No,Yes
JOSEPH J HURLEY,Massachusetts,2502790,2016,353,0,256,22,2,64,20.04,17.61,boston,No,Yes
JOSEPH J HURLEY,Massachusetts,2502790,2017,360,0,248,25,4,73,24,15,boston,No,Yes
JOSEPH LEE,Massachusetts,2502790,2013,592,497,174,329,43,18,42.02,14.09,boston,No,Yes
JOSEPH LEE,Massachusetts,2502790,2014,649,512,176,378,46,23,44.95,14.44,boston,No,Yes
JOSEPH LEE,Massachusetts,2502790,2015,629,0,170,352,44,32,46.37,13.56,boston,No,Yes
JOSEPH LEE,Massachusetts,2502790,2016,639,0,184,341,40,40,48.17,13.27,boston,No,Yes
JOSEPH LEE,Massachusetts,2502790,2017,661,0,183,362,38,36,53.31,12.4,boston,No,Yes
JOSEPH P MANNING,Massachusetts,2502790,2013,159,68,36,31,6,71,10.55,15.07,boston,No,Yes
JOSEPH P MANNING,Massachusetts,2502790,2014,157,60,40,32,4,69,15.43,10.17,boston,No,Yes
JOSEPH P MANNING,Massachusetts,2502790,2015,162,0,44,34,8,65,14.67,11.04,boston,No,Yes
JOSEPH P MANNING,Massachusetts,2502790,2016,158,0,44,30,6,65,12.38,12.76,boston,No,Yes
JOSEPH P MANNING,Massachusetts,2502790,2017,152,0,41,31,6,61,12.87,11.81,boston,No,Yes
JOSEPH P TYNAN,Massachusetts,2502790,2013,394,330,94,166,32,85,28.64,13.76,boston,No,Yes
JOSEPH P TYNAN,Massachusetts,2502790,2014,402,330,108,165,30,85,34.37,11.7,boston,No,Yes
JOSEPH P TYNAN,Massachusetts,2502790,2015,342,0,88,128,28,78,30.65,11.16,boston,No,Yes
JOSEPH P TYNAN,Massachusetts,2502790,2016,268,0,74,105,22,50,23,11.65,boston,No,Yes
JOSEPH P TYNAN,Massachusetts,2502790,2017,233,0,63,91,22,47,25.1,9.28,boston,No,Yes
JOSIAH QUINCY,Massachusetts,2502790,2013,802,608,124,130,455,63,51.65,15.53,boston,No,Yes
JOSIAH QUINCY,Massachusetts,2502790,2014,789,566,123,131,445,62,58.48,13.49,boston,No,Yes
JOSIAH QUINCY,Massachusetts,2502790,2015,796,0,106,143,446,68,57.39,13.87,boston,No,Yes
JOSIAH QUINCY,Massachusetts,2502790,2016,854,0,115,134,488,83,58.1,14.7,boston,No,Yes
JOSIAH QUINCY,Massachusetts,2502790,2017,832,0,101,122,487,90,58.98,14.11,boston,No,Yes
JOYCE KILMER,Massachusetts,2502790,2013,470,160,80,46,32,284,32.42,14.5,boston,No,Yes
JOYCE KILMER,Massachusetts,2502790,2014,456,140,74,44,35,275,29.76,15.32,boston,No,Yes
JOYCE KILMER,Massachusetts,2502790,2015,438,0,79,51,31,253,30.93,14.16,boston,No,Yes
JOYCE KILMER,Massachusetts,2502790,2016,435,0,76,59,38,239,25.63,16.97,boston,No,Yes
JOYCE KILMER,Massachusetts,2502790,2017,466,0,91,71,40,239,29.87,15.6,boston,No,Yes
KING K-8,Massachusetts,2502790,2013,504,443,153,317,4,6,35.84,14.06,boston,No,Yes
KING K-8,Massachusetts,2502790,2014,495,410,154,304,4,7,33.15,14.93,boston,No,Yes
KING K-8,Massachusetts,2502790,2015,497,0,161,303,4,6,31.54,15.76,boston,No,Yes
KING K-8,Massachusetts,2502790,2016,490,0,147,310,4,6,33.52,14.62,boston,No,Yes
KING K-8,Massachusetts,2502790,2017,487,0,152,298,3,14,35.57,13.69,boston,No,Yes
LEE ACADEMY,Massachusetts,2502790,2013,164,133,43,103,7,6,18,9.11,boston,No,Yes
LEE ACADEMY,Massachusetts,2502790,2014,212,156,52,127,14,6,14.96,14.17,boston,No,Yes
LEE ACADEMY,Massachusetts,2502790,2015,196,0,44,108,21,12,13.96,14.04,boston,No,Yes
LEE ACADEMY,Massachusetts,2502790,2016,187,0,46,105,13,12,15.14,12.35,boston,No,Yes
LEE ACADEMY,Massachusetts,2502790,2017,223,0,62,117,17,14,17.87,12.48,boston,No,Yes
LILLA G. FREDERICK MIDDLE SCHOOL,Massachusetts,2502790,2013,570,497,249,273,12,18,52.69,10.82,boston,No,Yes
LILLA G. FREDERICK MIDDLE SCHOOL,Massachusetts,2502790,2014,552,436,251,261,19,7,42.23,13.07,boston,No,Yes
LILLA G. FREDERICK MIDDLE SCHOOL,Massachusetts,2502790,2015,472,0,189,228,34,9,40.82,11.56,boston,No,Yes
LILLA G. FREDERICK MIDDLE SCHOOL,Massachusetts,2502790,2016,519,0,211,238,48,7,34.71,14.95,boston,No,Yes
LILLA G. FREDERICK MIDDLE SCHOOL,Massachusetts,2502790,2017,494,0,217,218,39,5,48,10.29,boston,No,Yes
LYNDON,Massachusetts,2502790,2013,561,280,266,39,9,239,36.16,15.51,boston,No,Yes
LYNDON,Massachusetts,2502790,2014,550,233,231,40,5,263,39.85,13.8,boston,No,Yes
LYNDON,Massachusetts,2502790,2015,552,0,202,41,9,287,38.29,14.42,boston,No,Yes
LYNDON,Massachusetts,2502790,2016,582,0,192,51,12,311,36.67,15.87,boston,No,Yes
LYNDON,Massachusetts,2502790,2017,582,0,172,52,13,323,40.05,14.53,boston,No,Yes
LYON K-8,Massachusetts,2502790,2013,142,67,34,22,18,59,13.36,10.63,boston,No,Yes
LYON K-8,Massachusetts,2502790,2014,139,56,35,24,20,50,14.8,9.39,boston,No,Yes
LYON K-8,Massachusetts,2502790,2015,137,0,37,20,16,52,16.67,8.22,boston,No,Yes
LYON K-8,Massachusetts,2502790,2016,139,0,43,22,14,50,14.5,9.59,boston,No,Yes
LYON K-8,Massachusetts,2502790,2017,131,0,43,27,13,38,18.88,6.94,boston,No,Yes
LYON UPPER 9-12,Massachusetts,2502790,2013,138,94,41,38,4,48,14.39,9.59,boston,No,Yes
LYON UPPER 9-12,Massachusetts,2502790,2014,134,77,41,38,4,46,17.04,7.86,boston,No,Yes
LYON UPPER 9-12,Massachusetts,2502790,2015,131,0,44,32,3,46,15.47,8.47,boston,No,Yes
LYON UPPER 9-12,Massachusetts,2502790,2016,126,0,43,31,8,38,14.17,8.89,boston,No,Yes
LYON UPPER 9-12,Massachusetts,2502790,2017,124,0,44,25,8,38,17.26,7.18,boston,No,Yes
MADISON PARK HIGH,Massachusetts,2502790,2013,1146,1014,560,477,16,54,111.1,10.32,boston,No,Yes
MADISON PARK HIGH,Massachusetts,2502790,2014,921,759,459,382,11,45,114.44,8.05,boston,No,Yes
MADISON PARK HIGH,Massachusetts,2502790,2015,903,0,449,387,8,31,121.06,7.46,boston,No,Yes
MADISON PARK HIGH,Massachusetts,2502790,2016,841,0,453,330,7,21,97.03,8.67,boston,No,Yes
MADISON PARK HIGH,Massachusetts,2502790,2017,859,0,494,315,11,17,100.25,8.57,boston,No,Yes
MANASSAH E BRADLEY,Massachusetts,2502790,2013,298,214,164,14,16,91,19.72,15.11,boston,No,Yes
MANASSAH E BRADLEY,Massachusetts,2502790,2014,310,195,172,10,13,98,22.04,14.07,boston,No,Yes
MANASSAH E BRADLEY,Massachusetts,2502790,2015,309,0,175,14,15,90,23.04,13.41,boston,No,Yes
MANASSAH E BRADLEY,Massachusetts,2502790,2016,286,0,157,14,18,87,17.66,16.19,boston,No,Yes
MANASSAH E BRADLEY,Massachusetts,2502790,2017,295,0,154,12,19,102,21.78,13.54,boston,No,Yes
MARGARITA MUNIZ ACADEMY,Massachusetts,2502790,2013,156,136,137,12,1,4,14.4,10.83,boston,No,Yes
MARGARITA MUNIZ ACADEMY,Massachusetts,2502790,2014,229,186,207,14,1,3,22.66,10.11,boston,No,Yes
MARGARITA MUNIZ ACADEMY,Massachusetts,2502790,2015,302,0,276,18,1,4,21.96,13.75,boston,No,Yes
MARGARITA MUNIZ ACADEMY,Massachusetts,2502790,2016,284,0,265,12,0,4,24.67,11.51,boston,No,Yes
MARGARITA MUNIZ ACADEMY,Massachusetts,2502790,2017,298,0,287,7,0,3,27.94,10.67,boston,No,Yes
MARIO UMANA ACADEMY,Massachusetts,2502790,2013,730,587,564,53,16,86,58.19,12.55,boston,No,Yes
MARIO UMANA ACADEMY,Massachusetts,2502790,2014,780,586,621,55,18,76,56.22,13.87,boston,No,Yes
MARIO UMANA ACADEMY,Massachusetts,2502790,2015,837,0,705,41,18,64,57.63,14.52,boston,No,Yes
MARIO UMANA ACADEMY,Massachusetts,2502790,2016,922,0,791,33,17,72,61.68,14.95,boston,No,Yes
MARIO UMANA ACADEMY,Massachusetts,2502790,2017,1004,0,876,32,23,66,74.42,13.49,boston,No,Yes
MATHER,Massachusetts,2502790,2013,599,488,126,226,188,29,36.93,16.22,boston,No,Yes
MATHER,Massachusetts,2502790,2014,599,441,116,231,189,30,36.51,16.41,boston,No,Yes
MATHER,Massachusetts,2502790,2015,601,0,114,218,200,32,31.88,18.85,boston,No,Yes
MATHER,Massachusetts,2502790,2016,617,0,111,233,193,41,36.94,16.7,boston,No,Yes
MATHER,Massachusetts,2502790,2017,608,0,99,235,198,36,40.77,14.91,boston,No,Yes
MATTAHUNT,Massachusetts,2502790,2013,633,509,150,452,1,12,49.88,12.69,boston,No,Yes
MATTAHUNT,Massachusetts,2502790,2014,635,488,153,447,1,13,46.17,13.75,boston,No,Yes
MATTAHUNT,Massachusetts,2502790,2015,616,0,154,431,0,16,44.89,13.72,boston,No,Yes
MATTAHUNT,Massachusetts,2502790,2016,634,0,150,453,1,14,44.4,14.28,boston,No,Yes
MATTAPAN EARLY ELEMENTARY SCHOOL,MASSACHUSETTS,2502790,2017,290,0,76,189,1,17,–,†,boston,No,Yes
MAURICE J TOBIN,Massachusetts,2502790,2013,418,371,296,101,6,6,29.66,14.09,boston,No,Yes
MAURICE J TOBIN,Massachusetts,2502790,2014,438,353,291,130,4,3,27.02,16.21,boston,No,Yes
MAURICE J TOBIN,Massachusetts,2502790,2015,453,0,288,141,3,11,25.83,17.54,boston,No,Yes
MAURICE J TOBIN,Massachusetts,2502790,2016,465,0,296,148,1,9,34.42,13.51,boston,No,Yes
MAURICE J TOBIN,Massachusetts,2502790,2017,429,0,262,139,5,10,33.32,12.88,boston,No,Yes
MICHAEL J PERKINS,Massachusetts,2502790,2013,248,216,87,109,11,29,14.12,17.56,boston,No,Yes
MICHAEL J PERKINS,Massachusetts,2502790,2014,237,196,82,108,8,28,14.88,15.93,boston,No,Yes
MICHAEL J PERKINS,Massachusetts,2502790,2015,230,0,92,98,6,22,13.02,17.67,boston,No,Yes
MICHAEL J PERKINS,Massachusetts,2502790,2016,238,0,92,102,5,27,12.91,18.44,boston,No,Yes
MICHAEL J PERKINS,Massachusetts,2502790,2017,218,0,87,93,6,21,15.13,14.41,boston,No,Yes
MILDRED AVENUE K-8,Massachusetts,2502790,2013,444,375,96,327,4,9,34.62,12.82,boston,No,Yes
MILDRED AVENUE K-8,Massachusetts,2502790,2014,382,293,88,269,9,6,36.28,10.53,boston,No,Yes
MILDRED AVENUE K-8,Massachusetts,2502790,2015,421,0,106,291,6,7,35.1,11.99,boston,No,Yes
MILDRED AVENUE K-8,Massachusetts,2502790,2016,505,0,134,335,6,11,36.95,13.67,boston,No,Yes
MILDRED AVENUE K-8,Massachusetts,2502790,2017,550,0,142,371,5,11,42.94,12.81,boston,No,Yes
MISSION HILL SCHOOL,Massachusetts,2502790,2013,234,128,94,59,3,63,13,18,boston,No,Yes
MISSION HILL SCHOOL,Massachusetts,2502790,2014,232,124,96,53,1,67,11.92,19.46,boston,No,Yes
MISSION HILL SCHOOL,Massachusetts,2502790,2015,227,0,90,53,1,68,9.94,22.84,boston,No,Yes
MISSION HILL SCHOOL,Massachusetts,2502790,2016,217,0,85,45,1,69,16.97,12.79,boston,No,Yes
MISSION HILL SCHOOL,Massachusetts,2502790,2017,241,0,86,56,2,82,18.46,13.06,boston,No,Yes
MOZART,Massachusetts,2502790,2013,173,101,50,53,6,53,11.36,15.23,boston,No,Yes
MOZART,Massachusetts,2502790,2014,162,86,43,47,8,58,14.4,11.25,boston,No,Yes
MOZART,Massachusetts,2502790,2015,176,0,37,48,14,66,13.33,13.2,boston,No,Yes
MOZART,Massachusetts,2502790,2016,175,0,37,47,10,65,13.66,12.81,boston,No,Yes
MOZART,Massachusetts,2502790,2017,179,0,43,43,7,71,16.03,11.17,boston,No,Yes
NATHAN HALE,Massachusetts,2502790,2013,182,144,61,102,2,2,8.45,21.54,boston,No,Yes
NATHAN HALE,Massachusetts,2502790,2014,176,131,63,97,1,5,9.58,18.37,boston,No,Yes
NATHAN HALE,Massachusetts,2502790,2015,169,0,62,89,4,5,10.49,16.11,boston,No,Yes
NATHAN HALE,Massachusetts,2502790,2016,174,0,64,88,5,9,10.31,16.88,boston,No,Yes
NATHAN HALE,Massachusetts,2502790,2017,158,0,50,78,10,10,10.26,15.4,boston,No,Yes
NEW MISSION HIGH SCHOOL,Massachusetts,2502790,2013,294,224,90,185,4,10,22.03,13.35,boston,No,Yes
NEW MISSION HIGH SCHOOL,Massachusetts,2502790,2014,301,191,94,189,3,9,27.79,10.83,boston,No,Yes
NEW MISSION HIGH SCHOOL,Massachusetts,2502790,2015,319,0,102,199,4,6,21.52,14.82,boston,No,Yes
NEW MISSION HIGH SCHOOL,Massachusetts,2502790,2016,320,0,101,208,1,4,24.72,12.94,boston,No,Yes
NEW MISSION HIGH SCHOOL,Massachusetts,2502790,2017,392,0,138,235,4,9,33.39,11.74,boston,No,Yes
O W HOLMES,Massachusetts,2502790,2013,331,278,84,211,7,7,23.32,14.19,boston,No,Yes
O W HOLMES,Massachusetts,2502790,2014,335,260,89,207,9,9,24.21,13.84,boston,No,Yes
O W HOLMES,Massachusetts,2502790,2015,367,0,96,219,11,13,21.77,16.86,boston,No,Yes
O W HOLMES,Massachusetts,2502790,2016,368,0,102,222,10,10,23.97,15.35,boston,No,Yes
O W HOLMES,Massachusetts,2502790,2017,347,0,100,204,11,10,27.53,12.6,boston,No,Yes
O'BRYANT SCHOOL MATH/SCIENCE,Massachusetts,2502790,2013,1353,959,387,503,286,150,77.54,17.45,boston,No,Yes
O'BRYANT SCHOOL MATH/SCIENCE,Massachusetts,2502790,2014,1415,871,419,496,312,158,83.68,16.91,boston,No,Yes
O'BRYANT SCHOOL MATH/SCIENCE,Massachusetts,2502790,2015,1428,0,436,470,320,163,83.63,17.08,boston,No,Yes
O'BRYANT SCHOOL MATH/SCIENCE,Massachusetts,2502790,2016,1437,0,443,472,324,160,88.05,16.32,boston,No,Yes
O'BRYANT SCHOOL MATH/SCIENCE,Massachusetts,2502790,2017,1562,0,507,519,331,161,96.1,16.25,boston,No,Yes
OLIVER HAZARD PERRY,Massachusetts,2502790,2013,251,163,53,51,10,137,17.76,14.13,boston,No,Yes
OLIVER HAZARD PERRY,Massachusetts,2502790,2014,249,149,46,52,12,135,18.1,13.76,boston,No,Yes
OLIVER HAZARD PERRY,Massachusetts,2502790,2015,232,0,40,48,7,133,17.73,13.09,boston,No,Yes
OLIVER HAZARD PERRY,Massachusetts,2502790,2016,222,0,38,38,7,130,18.96,11.71,boston,No,Yes
OLIVER HAZARD PERRY,Massachusetts,2502790,2017,220,0,32,47,2,133,21.09,10.43,boston,No,Yes
ORCHARD GARDENS,Massachusetts,2502790,2013,824,680,438,345,8,10,61.97,13.3,boston,No,Yes
ORCHARD GARDENS,Massachusetts,2502790,2014,837,618,417,376,9,13,64.11,13.06,boston,No,Yes
ORCHARD GARDENS,Massachusetts,2502790,2015,844,0,411,381,12,16,65.7,12.85,boston,No,Yes
ORCHARD GARDENS,Massachusetts,2502790,2016,886,0,414,415,13,18,58.43,15.16,boston,No,Yes
ORCHARD GARDENS,Massachusetts,2502790,2017,905,0,383,461,12,17,68.18,13.27,boston,No,Yes
PATRICK J KENNEDY,Massachusetts,2502790,2013,319,247,276,14,4,20,21.98,14.51,boston,No,Yes
PATRICK J KENNEDY,Massachusetts,2502790,2014,307,240,263,10,5,25,19.08,16.09,boston,No,Yes
PATRICK J KENNEDY,Massachusetts,2502790,2015,302,0,265,10,6,19,16.63,18.16,boston,No,Yes
PATRICK J KENNEDY,Massachusetts,2502790,2016,297,0,263,7,6,19,18.92,15.7,boston,No,Yes
PATRICK J KENNEDY,Massachusetts,2502790,2017,305,0,270,8,8,18,22.29,13.68,boston,No,Yes
PAUL A DEVER,Massachusetts,2502790,2013,583,502,363,145,44,19,41.1,14.18,boston,No,Yes
PAUL A DEVER,Massachusetts,2502790,2014,524,436,310,139,42,21,37.34,14.03,boston,No,Yes
PAUL A DEVER,Massachusetts,2502790,2015,498,0,298,137,33,18,30.66,16.24,boston,No,Yes
PAUL A DEVER,Massachusetts,2502790,2016,415,0,267,95,23,18,28.84,14.39,boston,No,Yes
PAUL A DEVER,Massachusetts,2502790,2017,356,0,217,90,22,18,34.35,10.36,boston,No,Yes
PAULINE AGASSIZ SHAW ELEMENTARY SCHOOL,MASSACHUSETTS,2502790,2014,106,63,26,73,3,1,8.99,11.79,boston,No,Yes
PAULINE AGASSIZ SHAW ELEMENTARY SCHOOL,MASSACHUSETTS,2502790,2015,160,0,46,99,5,4,7.24,22.1,boston,No,Yes
PAULINE AGASSIZ SHAW ELEMENTARY SCHOOL,MASSACHUSETTS,2502790,2016,203,0,51,133,6,6,14.42,14.08,boston,No,Yes
PAULINE AGASSIZ SHAW ELEMENTARY SCHOOL,MASSACHUSETTS,2502790,2017,256,0,63,165,6,7,17.93,14.28,boston,No,Yes
PHINEAS BATES,Massachusetts,2502790,2013,293,185,112,91,15,60,20.72,14.14,boston,No,Yes
PHINEAS BATES,Massachusetts,2502790,2014,292,160,112,94,12,62,22.69,12.87,boston,No,Yes
PHINEAS BATES,Massachusetts,2502790,2015,297,0,107,87,18,66,18.33,16.2,boston,No,Yes
PHINEAS BATES,Massachusetts,2502790,2016,280,0,104,77,16,67,22.81,12.28,boston,No,Yes
PHINEAS BATES,Massachusetts,2502790,2017,262,0,98,83,15,57,22.72,11.53,boston,No,Yes
QUINCY UPPER SCHOOL,Massachusetts,2502790,2013,487,419,79,99,258,32,39.22,12.42,boston,No,Yes
QUINCY UPPER SCHOOL,Massachusetts,2502790,2014,497,391,93,107,253,31,42.09,11.81,boston,No,Yes
QUINCY UPPER SCHOOL,Massachusetts,2502790,2015,507,0,101,106,261,24,40.65,12.47,boston,No,Yes
QUINCY UPPER SCHOOL,Massachusetts,2502790,2016,506,0,103,108,258,22,42.93,11.79,boston,No,Yes
QUINCY UPPER SCHOOL,Massachusetts,2502790,2017,507,0,116,108,244,25,45.87,11.05,boston,No,Yes
RAFAEL HERNANDEZ,Massachusetts,2502790,2013,417,302,380,13,1,20,23.16,18.01,boston,No,Yes
RAFAEL HERNANDEZ,Massachusetts,2502790,2014,422,280,384,15,1,17,23.72,17.79,boston,No,Yes
RAFAEL HERNANDEZ,Massachusetts,2502790,2015,399,0,368,9,0,16,21.44,18.61,boston,No,Yes
RAFAEL HERNANDEZ,Massachusetts,2502790,2016,407,0,368,9,0,22,23.79,17.11,boston,No,Yes
RAFAEL HERNANDEZ,Massachusetts,2502790,2017,389,0,344,12,1,24,24.49,15.88,boston,No,Yes
RICHARD J MURPHY,Massachusetts,2502790,2013,899,561,145,183,310,237,56.99,15.77,boston,No,Yes
RICHARD J MURPHY,Massachusetts,2502790,2014,882,511,156,178,324,198,58.21,15.15,boston,No,Yes
RICHARD J MURPHY,Massachusetts,2502790,2015,917,0,177,192,334,178,59.89,15.31,boston,No,Yes
RICHARD J MURPHY,Massachusetts,2502790,2016,946,0,189,177,368,173,57.29,16.51,boston,No,Yes
RICHARD J MURPHY,Massachusetts,2502790,2017,941,0,203,173,394,135,60.9,15.45,boston,No,Yes
ROGER CLAP,Massachusetts,2502790,2013,173,120,62,49,9,49,14.84,11.66,boston,No,Yes
ROGER CLAP,Massachusetts,2502790,2014,184,120,62,49,16,54,9.94,18.51,boston,No,Yes
ROGER CLAP,Massachusetts,2502790,2015,158,0,48,46,11,49,8.66,18.24,boston,No,Yes
ROGER CLAP,Massachusetts,2502790,2016,170,0,49,64,10,43,9.94,17.1,boston,No,Yes
ROGER CLAP,Massachusetts,2502790,2017,157,0,49,60,8,36,12.1,12.98,boston,No,Yes
SAMUEL ADAMS,Massachusetts,2502790,2013,292,231,210,15,2,58,23.03,12.68,boston,No,Yes
SAMUEL ADAMS,Massachusetts,2502790,2014,308,217,234,16,2,51,21.77,14.15,boston,No,Yes
SAMUEL ADAMS,Massachusetts,2502790,2015,302,0,228,18,2,50,20.27,14.9,boston,No,Yes
SAMUEL ADAMS,Massachusetts,2502790,2016,294,0,222,12,1,53,21.04,13.97,boston,No,Yes
SAMUEL ADAMS,Massachusetts,2502790,2017,291,0,220,12,4,52,24.43,11.91,boston,No,Yes
SAMUEL W MASON,Massachusetts,2502790,2013,243,175,77,135,3,10,21.08,11.53,boston,No,Yes
SAMUEL W MASON,Massachusetts,2502790,2014,242,162,86,121,3,13,18.94,12.78,boston,No,Yes
SAMUEL W MASON,Massachusetts,2502790,2015,231,0,79,115,5,18,17.98,12.85,boston,No,Yes
SAMUEL W MASON,Massachusetts,2502790,2016,231,0,86,114,4,14,16.89,13.68,boston,No,Yes
SAMUEL W MASON,Massachusetts,2502790,2017,242,0,84,117,5,15,17.97,13.47,boston,No,Yes
SARAH GREENWOOD,Massachusetts,2502790,2013,412,368,279,118,2,7,26.09,15.79,boston,No,Yes
SARAH GREENWOOD,Massachusetts,2502790,2014,415,350,279,119,2,10,32.95,12.59,boston,No,Yes
SARAH GREENWOOD,Massachusetts,2502790,2015,414,0,290,112,1,6,32.02,12.93,boston,No,Yes
SARAH GREENWOOD,Massachusetts,2502790,2016,399,0,294,94,0,4,29.74,13.42,boston,No,Yes
SARAH GREENWOOD,Massachusetts,2502790,2017,402,0,293,95,1,3,30.15,13.33,boston,No,Yes
SNOWDEN INTERNATIONAL SCHOOL AT COPLEY,Massachusetts,2502790,2013,397,340,164,152,30,38,31.04,12.79,boston,No,Yes
SNOWDEN INTERNATIONAL SCHOOL AT COPLEY,Massachusetts,2502790,2014,389,293,166,157,27,29,35.17,11.06,boston,No,Yes
SNOWDEN INTERNATIONAL SCHOOL AT COPLEY,Massachusetts,2502790,2015,373,0,172,133,33,26,30.23,12.34,boston,No,Yes
SNOWDEN INTERNATIONAL SCHOOL AT COPLEY,Massachusetts,2502790,2016,439,0,218,155,29,23,32.04,13.7,boston,No,Yes
SNOWDEN INTERNATIONAL SCHOOL AT COPLEY,Massachusetts,2502790,2017,444,0,220,151,29,28,35.09,12.65,boston,No,Yes
TECHBOSTON ACADEMY,Massachusetts,2502790,2013,1015,874,180,741,38,30,87.62,11.58,boston,No,Yes
TECHBOSTON ACADEMY,Massachusetts,2502790,2014,985,763,193,692,43,31,96.96,10.16,boston,No,Yes
TECHBOSTON ACADEMY,Massachusetts,2502790,2015,982,0,221,655,40,37,89.32,10.99,boston,No,Yes
TECHBOSTON ACADEMY,Massachusetts,2502790,2016,972,0,235,641,37,28,85.85,11.32,boston,No,Yes
TECHBOSTON ACADEMY,Massachusetts,2502790,2017,917,0,241,595,30,18,93.64,9.79,boston,No,Yes
THE ENGLISH HIGH,Massachusetts,2502790,2013,596,506,301,247,10,18,53.25,11.19,boston,No,Yes
THE ENGLISH HIGH,Massachusetts,2502790,2014,559,414,288,238,7,15,69.96,7.99,boston,No,Yes
THE ENGLISH HIGH,Massachusetts,2502790,2015,586,0,326,224,10,17,54.16,10.82,boston,No,Yes
THE ENGLISH HIGH,Massachusetts,2502790,2016,553,0,298,230,9,11,48.68,11.36,boston,No,Yes
THE ENGLISH HIGH,Massachusetts,2502790,2017,539,0,296,225,8,7,49.91,10.8,boston,No,Yes
THOMAS J KENNY,Massachusetts,2502790,2013,301,227,59,162,46,18,20.2,14.9,boston,No,Yes
THOMAS J KENNY,Massachusetts,2502790,2014,293,210,53,143,58,24,25.78,11.37,boston,No,Yes
THOMAS J KENNY,Massachusetts,2502790,2015,312,0,62,150,55,31,23.94,13.03,boston,No,Yes
THOMAS J KENNY,Massachusetts,2502790,2016,332,0,68,137,57,55,21.99,15.1,boston,No,Yes
THOMAS J KENNY,Massachusetts,2502790,2017,325,0,73,120,50,65,26.98,12.05,boston,No,Yes
UP ACADEMY HOLLAND,Massachusetts,2502790,2013,742,627,310,319,97,6,48.09,15.43,boston,No,Yes
UP ACADEMY HOLLAND,Massachusetts,2502790,2014,720,714,311,305,22,7,66,10.91,boston,No,Yes
UP ACADEMY HOLLAND,Massachusetts,2502790,2015,753,0,312,316,33,26,62.39,12.07,boston,No,Yes
UP ACADEMY HOLLAND,Massachusetts,2502790,2016,759,0,317,330,35,27,48.42,15.68,boston,No,Yes
UP ACADEMY HOLLAND,Massachusetts,2502790,2017,762,0,331,339,51,13,48.02,15.87,boston,No,Yes
URBAN SCIENCE ACADEMY,Massachusetts,2502790,2013,505,387,188,250,6,43,45.81,11.02,boston,No,Yes
URBAN SCIENCE ACADEMY,Massachusetts,2502790,2014,471,316,175,235,7,42,41.92,11.24,boston,No,Yes
URBAN SCIENCE ACADEMY,Massachusetts,2502790,2015,497,0,179,250,7,42,36.85,13.49,boston,No,Yes
URBAN SCIENCE ACADEMY,Massachusetts,2502790,2016,432,0,157,220,6,36,44.13,9.79,boston,No,Yes
URBAN SCIENCE ACADEMY,Massachusetts,2502790,2017,392,0,153,201,0,25,40.14,9.77,boston,No,Yes
WARREN-PRESCOTT,Massachusetts,2502790,2013,542,300,138,59,24,296,31.8,17.04,boston,No,Yes
WARREN-PRESCOTT,Massachusetts,2502790,2014,532,285,135,67,22,283,34.47,15.43,boston,No,Yes
WARREN-PRESCOTT,Massachusetts,2502790,2015,545,0,134,79,30,277,35.18,15.49,boston,No,Yes
WARREN-PRESCOTT,Massachusetts,2502790,2016,582,0,142,80,31,299,35.97,16.18,boston,No,Yes
WARREN-PRESCOTT,Massachusetts,2502790,2017,602,0,162,73,32,307,37.8,15.93,boston,No,Yes
WASHINGTON IRVING MIDDLE,Massachusetts,2502790,2013,443,356,181,190,11,45,35.3,12.55,boston,No,Yes
WASHINGTON IRVING MIDDLE,Massachusetts,2502790,2014,354,259,150,148,10,32,39.31,9.01,boston,No,Yes
WASHINGTON IRVING MIDDLE,Massachusetts,2502790,2015,380,0,166,170,8,22,35.4,10.73,boston,No,Yes
WASHINGTON IRVING MIDDLE,Massachusetts,2502790,2016,344,0,163,142,4,25,24.8,13.87,boston,No,Yes
WASHINGTON IRVING MIDDLE,Massachusetts,2502790,2017,321,0,151,136,5,19,30.91,10.38,boston,No,Yes
WEST ROXBURY ACADEMY,Massachusetts,2502790,2013,612,496,239,290,8,58,46.42,13.18,boston,No,Yes
WEST ROXBURY ACADEMY,Massachusetts,2502790,2014,579,407,233,266,8,58,50.07,11.56,boston,No,Yes
WEST ROXBURY ACADEMY,Massachusetts,2502790,2015,529,0,221,235,7,53,41.66,12.7,boston,No,Yes
WEST ROXBURY ACADEMY,Massachusetts,2502790,2016,496,0,187,235,10,52,43.57,11.38,boston,No,Yes
WEST ROXBURY ACADEMY,Massachusetts,2502790,2017,475,0,180,237,13,32,39.31,12.08,boston,No,Yes
WILLIAM E RUSSELL,Massachusetts,2502790,2013,370,273,208,101,36,6,24.72,14.97,boston,No,Yes
WILLIAM E RUSSELL,Massachusetts,2502790,2014,387,271,216,111,38,8,23.93,16.17,boston,No,Yes
WILLIAM E RUSSELL,Massachusetts,2502790,2015,402,0,209,122,45,8,22,18.27,boston,No,Yes
WILLIAM E RUSSELL,Massachusetts,2502790,2016,385,0,199,115,46,8,23.36,16.48,boston,No,Yes
WILLIAM E RUSSELL,Massachusetts,2502790,2017,408,0,202,130,54,10,28.48,14.33,boston,No,Yes
WILLIAM ELLERY CHANNING,Massachusetts,2502790,2013,317,241,122,175,2,11,20.83,15.22,boston,No,Yes
WILLIAM ELLERY CHANNING,Massachusetts,2502790,2014,295,211,113,159,3,11,21.81,13.53,boston,No,Yes
WILLIAM ELLERY CHANNING,Massachusetts,2502790,2015,292,0,117,146,3,14,19.52,14.96,boston,No,Yes
WILLIAM ELLERY CHANNING,Massachusetts,2502790,2016,244,0,95,119,4,19,14.33,17.03,boston,No,Yes
WILLIAM ELLERY CHANNING,Massachusetts,2502790,2017,216,0,85,106,5,13,17.04,12.68,boston,No,Yes
WILLIAM H OHRENBERGER,Massachusetts,2502790,2013,607,417,271,158,29,131,38.74,15.67,boston,No,Yes
WILLIAM H OHRENBERGER,Massachusetts,2502790,2014,611,360,264,171,27,128,44.46,13.74,boston,No,Yes
WILLIAM H OHRENBERGER,Massachusetts,2502790,2015,629,0,289,162,22,136,41.4,15.19,boston,No,Yes
WILLIAM H OHRENBERGER,Massachusetts,2502790,2016,602,0,265,141,28,142,40.86,14.73,boston,No,Yes
WILLIAM H OHRENBERGER,Massachusetts,2502790,2017,648,0,268,183,26,150,48.14,13.46,boston,No,Yes
WILLIAM MCKINLEY,Massachusetts,2502790,2013,369,344,127,171,2,38,53.95,6.84,boston,No,Yes
WILLIAM MCKINLEY,Massachusetts,2502790,2014,381,338,126,193,3,44,53.48,7.12,boston,No,Yes
WILLIAM MCKINLEY,Massachusetts,2502790,2015,354,0,129,176,4,34,52.38,6.76,boston,No,Yes
WILLIAM MCKINLEY,Massachusetts,2502790,2016,337,0,126,161,3,35,48.59,6.94,boston,No,Yes
WILLIAM MCKINLEY,Massachusetts,2502790,2017,355,0,124,191,6,23,51.23,6.93,boston,No,Yes
WILLIAM MONROE TROTTER,Massachusetts,2502790,2013,411,347,123,248,0,23,28.27,14.54,boston,No,Yes
WILLIAM MONROE TROTTER,Massachusetts,2502790,2014,488,408,157,287,0,23,27.38,17.82,boston,No,Yes
WILLIAM MONROE TROTTER,Massachusetts,2502790,2015,511,0,167,301,0,22,25.2,20.28,boston,No,Yes
WILLIAM MONROE TROTTER,Massachusetts,2502790,2016,536,0,174,321,3,15,30.57,17.53,boston,No,Yes
WILLIAM MONROE TROTTER,Massachusetts,2502790,2017,525,0,180,302,4,13,34.53,15.2,boston,No,Yes
WINSHIP ELEMENTARY,Massachusetts,2502790,2013,302,217,125,75,26,63,24.05,12.56,boston,No,Yes
WINSHIP ELEMENTARY,Massachusetts,2502790,2014,313,189,114,69,29,82,20.74,15.09,boston,No,Yes
WINSHIP ELEMENTARY,Massachusetts,2502790,2015,258,0,90,54,31,69,22.15,11.65,boston,No,Yes
WINSHIP ELEMENTARY,Massachusetts,2502790,2016,243,0,88,45,30,68,18.73,12.97,boston,No,Yes
WINSHIP ELEMENTARY,Massachusetts,2502790,2017,221,0,72,38,32,66,21.59,10.24,boston,No,Yes
WM B ROGERS MIDDLE,Massachusetts,2502790,2013,484,384,113,312,33,11,47.33,10.23,boston,No,Yes
WM B ROGERS MIDDLE,Massachusetts,2502790,2014,348,249,113,202,15,8,35.16,9.9,boston,No,Yes
WM B ROGERS MIDDLE,Massachusetts,2502790,2015,,,,,,,,,boston,No,
YOUNG ACHIEVERS,Massachusetts,2502790,2013,518,406,242,255,2,11,51.21,10.12,boston,No,Yes
YOUNG ACHIEVERS,Massachusetts,2502790,2014,507,376,235,252,2,8,36.86,13.75,boston,No,Yes
YOUNG ACHIEVERS,Massachusetts,2502790,2015,542,0,242,283,0,10,38.14,14.21,boston,No,Yes
YOUNG ACHIEVERS,Massachusetts,2502790,2016,582,0,257,306,0,9,36.9,15.77,boston,No,Yes
YOUNG ACHIEVERS,Massachusetts,2502790,2017,565,0,259,286,0,7,40.09,14.09,boston,No,Yes
AMIGOS SCHOOL,Massachusetts,2503270,2013,343,78,146,19,8,135,31.61,10.85,cambridge,No,
AMIGOS SCHOOL,Massachusetts,2503270,2014,360,84,154,18,11,140,32.8,10.98,cambridge,No,
AMIGOS SCHOOL,Massachusetts,2503270,2015,370,0,156,18,13,147,32.11,11.52,cambridge,No,
AMIGOS SCHOOL,Massachusetts,2503270,2016,379,0,164,19,13,148,32.71,11.59,cambridge,No,
AMIGOS SCHOOL,Massachusetts,2503270,2017,397,0,174,19,14,153,35.1,11.31,cambridge,No,
CAMBRIDGE RINDGE AND LATIN,Massachusetts,2503270,2013,1741,691,240,578,203,653,172.29,10.11,cambridge,No,
CAMBRIDGE RINDGE AND LATIN,Massachusetts,2503270,2014,1836,737,233,613,207,711,177.51,10.34,cambridge,No,
CAMBRIDGE RINDGE AND LATIN,Massachusetts,2503270,2015,1864,0,249,601,211,724,176.54,10.56,cambridge,No,
CAMBRIDGE RINDGE AND LATIN,Massachusetts,2503270,2016,1956,0,264,592,232,761,178.4,10.96,cambridge,No,
CAMBRIDGE RINDGE AND LATIN,Massachusetts,2503270,2017,1965,0,269,594,226,750,190.17,10.33,cambridge,No,
CAMBRIDGE STREET UPPER SCHOOL,Massachusetts,2503270,2013,267,131,36,92,24,95,25.7,10.39,cambridge,No,
CAMBRIDGE STREET UPPER SCHOOL,Massachusetts,2503270,2014,259,118,38,81,20,103,28.72,9.02,cambridge,No,
CAMBRIDGE STREET UPPER SCHOOL,Massachusetts,2503270,2015,252,0,43,88,19,81,31.2,8.08,cambridge,No,
CAMBRIDGE STREET UPPER SCHOOL,Massachusetts,2503270,2016,261,0,46,79,25,92,29.66,8.8,cambridge,No,
CAMBRIDGE STREET UPPER SCHOOL,Massachusetts,2503270,2017,248,0,54,70,16,83,33.76,7.35,cambridge,No,
CAMBRIDGEPORT,Massachusetts,2503270,2013,280,93,30,57,27,141,25.22,11.1,cambridge,No,
CAMBRIDGEPORT,Massachusetts,2503270,2014,286,101,30,61,26,150,23.96,11.94,cambridge,No,
CAMBRIDGEPORT,Massachusetts,2503270,2015,298,0,34,58,17,168,23.32,12.78,cambridge,No,
CAMBRIDGEPORT,Massachusetts,2503270,2016,311,0,31,62,25,168,22.82,13.63,cambridge,No,
CAMBRIDGEPORT,Massachusetts,2503270,2017,342,0,28,67,32,177,24.99,13.69,cambridge,No,Yes
FLETCHER/MAYNARD ACADEMY,Massachusetts,2503270,2013,235,141,44,95,18,57,28.8,8.16,cambridge,No,Yes
FLETCHER/MAYNARD ACADEMY,Massachusetts,2503270,2014,263,161,52,117,22,55,28.54,9.22,cambridge,No,Yes
FLETCHER/MAYNARD ACADEMY,Massachusetts,2503270,2015,258,0,46,113,24,59,32.14,8.03,cambridge,No,Yes
FLETCHER/MAYNARD ACADEMY,Massachusetts,2503270,2016,260,0,40,129,23,53,29.87,8.7,cambridge,No,Yes
FLETCHER/MAYNARD ACADEMY,Massachusetts,2503270,2017,296,0,46,146,25,58,30.03,9.86,cambridge,No,Yes
GRAHAM AND PARKS,Massachusetts,2503270,2013,359,108,38,78,69,154,30.65,11.71,cambridge,No,
GRAHAM AND PARKS,Massachusetts,2503270,2014,392,145,32,78,97,167,30.98,12.65,cambridge,No,
GRAHAM AND PARKS,Massachusetts,2503270,2015,363,0,26,70,88,163,31.99,11.35,cambridge,No,
GRAHAM AND PARKS,Massachusetts,2503270,2016,392,0,23,74,82,193,30.21,12.98,cambridge,No,Yes
GRAHAM AND PARKS,Massachusetts,2503270,2017,362,0,16,69,71,189,31.52,11.48,cambridge,No,Yes
HAGGERTY,Massachusetts,2503270,2013,248,75,13,71,32,107,22.5,11.02,cambridge,No,
HAGGERTY,Massachusetts,2503270,2014,269,84,10,71,34,126,25.28,10.64,cambridge,No,
HAGGERTY,Massachusetts,2503270,2015,258,0,12,61,35,115,26.95,9.57,cambridge,No,
HAGGERTY,Massachusetts,2503270,2016,253,0,16,57,34,117,25.11,10.08,cambridge,No,
HAGGERTY,Massachusetts,2503270,2017,257,0,18,53,41,116,24.89,10.33,cambridge,No,
JOHN M TOBIN,Massachusetts,2503270,2013,287,90,25,71,42,117,21.54,13.32,cambridge,No,Yes
JOHN M TOBIN,Massachusetts,2503270,2014,292,103,26,76,40,113,20.76,14.07,cambridge,No,
JOHN M TOBIN,Massachusetts,2503270,2015,281,0,29,69,41,115,20.8,13.51,cambridge,No,
JOHN M TOBIN,Massachusetts,2503270,2016,291,0,32,73,44,112,21.92,13.28,cambridge,No,
JOHN M TOBIN,Massachusetts,2503270,2017,293,0,27,77,44,115,21.78,13.45,cambridge,No,
KENNEDY-LONGFELLOW,Massachusetts,2503270,2013,255,147,48,67,40,86,22.21,11.48,cambridge,No,Yes
KENNEDY-LONGFELLOW,Massachusetts,2503270,2014,258,138,54,59,47,83,27.91,9.24,cambridge,No,Yes
KENNEDY-LONGFELLOW,Massachusetts,2503270,2015,270,0,47,50,59,93,29.26,9.23,cambridge,No,Yes
KENNEDY-LONGFELLOW,Massachusetts,2503270,2016,266,0,47,49,53,99,28.53,9.32,cambridge,No,Yes
KENNEDY-LONGFELLOW,Massachusetts,2503270,2017,293,0,51,59,71,87,27.73,10.57,cambridge,No,Yes
KING OPEN,Massachusetts,2503270,2013,334,123,51,63,27,163,32.69,10.22,cambridge,No,
KING OPEN,Massachusetts,2503270,2014,316,134,46,54,25,161,30.91,10.22,cambridge,No,
KING OPEN,Massachusetts,2503270,2015,320,0,44,54,34,158,33.48,9.56,cambridge,No,
KING OPEN,Massachusetts,2503270,2016,325,0,54,59,29,149,35.51,9.15,cambridge,No,Yes
KING OPEN,Massachusetts,2503270,2017,329,0,52,65,35,146,34.88,9.43,cambridge,No,Yes
MARIA L. BALDWIN,Massachusetts,2503270,2013,323,86,32,65,41,154,23.85,13.54,cambridge,No,
MARIA L. BALDWIN,Massachusetts,2503270,2014,343,113,31,80,41,160,30.44,11.27,cambridge,No,
MARIA L. BALDWIN,Massachusetts,2503270,2015,347,0,38,75,39,167,28.5,12.18,cambridge,No,
MARIA L. BALDWIN,Massachusetts,2503270,2016,356,0,46,62,34,173,30.31,11.75,cambridge,No,
MARIA L. BALDWIN,Massachusetts,2503270,2017,364,0,43,54,35,191,30.56,11.91,cambridge,No,
MARTIN LUTHER KING JR.,Massachusetts,2503270,2013,267,111,27,86,65,60,25.02,10.67,cambridge,No,Yes
MARTIN LUTHER KING JR.,Massachusetts,2503270,2014,268,111,30,80,63,64,31.24,8.58,cambridge,No,Yes
MARTIN LUTHER KING JR.,Massachusetts,2503270,2015,309,0,28,79,73,91,28.3,10.92,cambridge,No,Yes
MARTIN LUTHER KING JR.,Massachusetts,2503270,2016,317,0,21,83,71,87,26.88,11.79,cambridge,No,Yes
MARTIN LUTHER KING JR.,Massachusetts,2503270,2017,328,0,19,80,72,97,29.53,11.11,cambridge,No,Yes
MORSE,Massachusetts,2503270,2013,281,133,25,97,40,85,28.05,10.02,cambridge,No,Yes
MORSE,Massachusetts,2503270,2014,302,135,31,90,43,101,29.95,10.08,cambridge,No,Yes
MORSE,Massachusetts,2503270,2015,308,0,38,81,46,111,31.22,9.87,cambridge,No,Yes
MORSE,Massachusetts,2503270,2016,306,0,33,71,40,127,31.46,9.73,cambridge,No,Yes
MORSE,Massachusetts,2503270,2017,306,0,37,69,38,127,32.51,9.41,cambridge,No,Yes
PEABODY,Massachusetts,2503270,2013,311,133,27,99,28,133,26.15,11.89,cambridge,No,
PEABODY,Massachusetts,2503270,2014,320,134,25,93,36,145,26.44,12.1,cambridge,No,Yes
PEABODY,Massachusetts,2503270,2015,321,0,24,89,38,147,26.78,11.99,cambridge,No,Yes
PEABODY,Massachusetts,2503270,2016,316,0,21,77,39,155,26.18,12.07,cambridge,No,Yes
PEABODY,Massachusetts,2503270,2017,323,0,22,76,42,160,26.35,12.26,cambridge,No,Yes
PUTNAM AVENUE UPPER SCHOOL,Massachusetts,2503270,2013,246,139,37,99,29,71,29.87,8.24,cambridge,No,
PUTNAM AVENUE UPPER SCHOOL,Massachusetts,2503270,2014,226,134,30,96,25,63,27.87,8.11,cambridge,No,
PUTNAM AVENUE UPPER SCHOOL,Massachusetts,2503270,2015,249,0,39,95,25,70,33.18,7.5,cambridge,No,
PUTNAM AVENUE UPPER SCHOOL,Massachusetts,2503270,2016,262,0,46,94,28,67,30.44,8.61,cambridge,No,
PUTNAM AVENUE UPPER SCHOOL,Massachusetts,2503270,2017,263,0,47,92,28,68,33.11,7.94,cambridge,No,
RINDGE AVENUE UPPER SCHOOL,Massachusetts,2503270,2013,282,109,39,87,40,102,28.88,9.76,cambridge,No,
RINDGE AVENUE UPPER SCHOOL,Massachusetts,2503270,2014,263,104,37,77,34,100,28.8,9.13,cambridge,No,
RINDGE AVENUE UPPER SCHOOL,Massachusetts,2503270,2015,269,0,33,78,32,105,29.21,9.21,cambridge,No,
RINDGE AVENUE UPPER SCHOOL,Massachusetts,2503270,2016,275,0,29,85,27,110,28.65,9.6,cambridge,No,
RINDGE AVENUE UPPER SCHOOL,Massachusetts,2503270,2017,267,0,20,78,26,120,30.17,8.85,cambridge,No,
VASSAL LANE UPPER SCHOOL,Massachusetts,2503270,2013,302,128,22,110,46,106,32.66,9.25,cambridge,No,
VASSAL LANE UPPER SCHOOL,Massachusetts,2503270,2014,286,110,25,84,43,108,34.59,8.27,cambridge,No,
VASSAL LANE UPPER SCHOOL,Massachusetts,2503270,2015,270,0,23,75,35,113,35.52,7.6,cambridge,No,
VASSAL LANE UPPER SCHOOL,Massachusetts,2503270,2016,268,0,18,70,38,118,32.77,8.18,cambridge,No,
VASSAL LANE UPPER SCHOOL,Massachusetts,2503270,2017,281,0,24,72,44,120,33.67,8.35,cambridge,No,